name,sub,Direction
BIN1,AE_TUO9O5_0,0.008718313649296759
C11orf75,AE_TUO9O5_0,0.0033050552010536194
C16orf59,AE_TUO9O5_0,0.00011701104085659607
C8orf84,AE_TUO9O5_0,0.006605487782508135
CCL22,AE_TUO9O5_0,0.00040173102752305567
CDH3,AE_TUO9O5_0,0.0033161910250782967
CYP2C8,AE_TUO9O5_0,0.0009579852921888232
DGKA,AE_TUO9O5_0,0.0013297550613060596
DUSP5,AE_TUO9O5_0,0.00783812627196312
EMID1,AE_TUO9O5_0,0.0017047335859388113
FABP4,AE_TUO9O5_0,0.002702865749597549
HMGA1,AE_TUO9O5_0,0.004406353458762169
KLHDC7B,AE_TUO9O5_0,0.0009257133351638912
KRT19,AE_TUO9O5_0,0.04281187430024147
LAMA3,AE_TUO9O5_0,0.004826186690479517
LRAT,AE_TUO9O5_0,0.0003549972898326814
LRFN5,AE_TUO9O5_0,0.00013582204701378942
LTB,AE_TUO9O5_0,0.0013039822224527595
LY6E,AE_TUO9O5_0,0.05086330696940422
MGC16121,AE_TUO9O5_0,0.00019096813048236072
NAT14,AE_TUO9O5_0,0.0016588192665949464
PCDHA10,AE_TUO9O5_0,0.002527992241084576
RPL9,AE_TUO9O5_0,0.011900984682142736
ST8SIA6,AE_TUO9O5_0,-0.0009343018173240123
STMN3,AE_TUO9O5_0,0.009021663106977941
TMEM51,AE_TUO9O5_0,0.0039547099731862545
TUSC3,AE_TUO9O5_0,0.005359544884413482
WFDC2,AE_TUO9O5_0,0.029426140710711483
XKR9,AE_TUO9O5_0,-0.00019531851285137242
ZNHIT2,AE_TUO9O5_0,0.0008726256201043725
ASL,AE_TUO9O5_1,-0.0024877793621271853
C19orf33,AE_TUO9O5_1,0.0030171130783855915
C5orf27,AE_TUO9O5_1,-0.002046756912022829
C6orf186,AE_TUO9O5_1,-9.458158456254749e-05
C7orf25,AE_TUO9O5_1,-0.0005279090255498887
C7orf49,AE_TUO9O5_1,-0.002074101474136114
C9,AE_TUO9O5_1,8.695144060766324e-05
CDKL5,AE_TUO9O5_1,-0.0004466217651497573
CYP2C8,AE_TUO9O5_1,0.0005125013994984329
DOLPP1,AE_TUO9O5_1,-0.00034103970392607147
FICD,AE_TUO9O5_1,-0.0002744839584920556
GARS,AE_TUO9O5_1,-0.0038092080503702155
IHH,AE_TUO9O5_1,-0.0005681294132955372
ISPD,AE_TUO9O5_1,-0.00033037769026122987
KIF2A,AE_TUO9O5_1,-0.0017425873083993793
LOC90784,AE_TUO9O5_1,-0.00043865203042514617
MAGED4,AE_TUO9O5_1,0.00032502828980796034
MTMR4,AE_TUO9O5_1,-0.002650674432516098
NACC2,AE_TUO9O5_1,-0.00015545939095318315
OR2A9P,AE_TUO9O5_1,-0.0006523054325953126
PCSK6,AE_TUO9O5_1,-0.013449775986373423
PDK3,AE_TUO9O5_1,-0.0004782452597282827
PLCXD2,AE_TUO9O5_1,-0.00015446577162947506
PLEKHA8,AE_TUO9O5_1,-0.0002481176925357431
PNPO,AE_TUO9O5_1,-0.002824309514835477
PPP1R14C,AE_TUO9O5_1,-0.001143209752626717
PRPH,AE_TUO9O5_1,0.00031289117760024965
RNF157,AE_TUO9O5_1,-0.0015517185674980285
SEMA3D,AE_TUO9O5_1,-0.0013201438123360276
SERPINA6,AE_TUO9O5_1,-0.0019731470383703713
SH3RF2,AE_TUO9O5_1,-0.0005534279625862837
THBS2,AE_TUO9O5_1,-0.01037798635661602
TRIM14,AE_TUO9O5_1,-0.0030785922426730394
VWCE,AE_TUO9O5_1,-0.001683458685874939
WISP2,AE_TUO9O5_1,-0.0011132311774417758
ACSM5,AE_TUO9O5_2,0.004870939068496227
ALDH8A1,AE_TUO9O5_2,0.007193322293460369
AMIGO1,AE_TUO9O5_2,0.001536420313641429
ANPEP,AE_TUO9O5_2,0.06322827935218811
AOC3,AE_TUO9O5_2,-0.010210803709924221
APOL4,AE_TUO9O5_2,0.0014781021745875476
BLVRA,AE_TUO9O5_2,0.0035300806630402803
BTBD19,AE_TUO9O5_2,0.0002115241513820365
CRLF1,AE_TUO9O5_2,-0.0006101518520154059
CXCL11,AE_TUO9O5_2,0.0015075496630743144
CYP2E1,AE_TUO9O5_2,-0.0005139008280821145
DSEL,AE_TUO9O5_2,0.004897285252809525
EFS,AE_TUO9O5_2,-0.0010210622567683456
GBP1,AE_TUO9O5_2,0.013362368568778038
GBP4,AE_TUO9O5_2,0.017785968258976936
GCAT,AE_TUO9O5_2,-0.001023300690576434
GIT2,AE_TUO9O5_2,0.01855846680700779
GPR82,AE_TUO9O5_2,0.00018826365703716874
HAVCR1,AE_TUO9O5_2,0.010608541779220104
HSPA7,AE_TUO9O5_2,0.0007498283521272242
ILDR2,AE_TUO9O5_2,0.0003858163836412132
JUN,AE_TUO9O5_2,-0.04069582000374794
KIAA1324,AE_TUO9O5_2,0.0004161256365478039
KIF12,AE_TUO9O5_2,0.005888950545340776
LOC284749,AE_TUO9O5_2,0.00045882989070378244
LOC400759,AE_TUO9O5_2,0.0002607468049973249
MAEL,AE_TUO9O5_2,0.0002554423990659416
MGAT3,AE_TUO9O5_2,-0.0035671002697199587
MMRN1,AE_TUO9O5_2,-0.005004214122891426
MT1X,AE_TUO9O5_2,-0.01484137214720249
MYOM3,AE_TUO9O5_2,0.007959944196045399
NALCN,AE_TUO9O5_2,-0.0008181581506505609
NYX,AE_TUO9O5_2,0.00023025408154353502
PATL2,AE_TUO9O5_2,0.00013854021381121132
PMS2L4,AE_TUO9O5_2,0.00027969240909442306
REG1A,AE_TUO9O5_2,0.024618493393063545
RGN,AE_TUO9O5_2,-0.0029922479297965765
SAMD9L,AE_TUO9O5_2,0.005777178332209587
SCAND3,AE_TUO9O5_2,0.0005454999045468867
SCN7A,AE_TUO9O5_2,-0.00045782726374454807
SEMA3E,AE_TUO9O5_2,-0.0002847813011612743
SIK1,AE_TUO9O5_2,-0.01406184397637844
SLC16A4,AE_TUO9O5_2,0.014758018776774406
SOCS3,AE_TUO9O5_2,-0.022378113120794296
STX1B,AE_TUO9O5_2,0.00025180858210660517
TCF19,AE_TUO9O5_2,0.00335133820772171
THPO,AE_TUO9O5_2,0.0006132590351626277
UBA5,AE_TUO9O5_2,0.006602116860449314
WNK2,AE_TUO9O5_2,-0.0008209544466808437
C16orf13,AE_TUO9O5_3,0.003824261948466301
C19orf33,AE_TUO9O5_3,0.0038683689199388023
C21orf63,AE_TUO9O5_3,0.0015103607438504696
CEBPD,AE_TUO9O5_3,0.007733539678156377
CIRBP,AE_TUO9O5_3,0.014942627400159838
EFNA1,AE_TUO9O5_3,0.00912771187722683
FAM128B,AE_TUO9O5_3,0.005309526342898607
FAU,AE_TUO9O5_3,0.017921792343258858
IHH,AE_TUO9O5_3,-0.0006240051006898284
LSR,AE_TUO9O5_3,0.003706727409735322
MAGED4,AE_TUO9O5_3,0.0004410397668834776
NDN,AE_TUO9O5_3,0.0027938925195485353
NME3,AE_TUO9O5_3,0.0018659456400200727
PCDHB9,AE_TUO9O5_3,0.00096051674336195
POLE4,AE_TUO9O5_3,0.0010494714369997382
PON3,AE_TUO9O5_3,-0.00024716410553082824
PRPH,AE_TUO9O5_3,0.00044514104956760997
PRSS16,AE_TUO9O5_3,0.0013039079494774342
PSMC3IP,AE_TUO9O5_3,0.00018603297939989719
RPL13,AE_TUO9O5_3,0.056301604956388474
RPL23,AE_TUO9O5_3,0.02962715551257133
RPL29,AE_TUO9O5_3,0.020034361630678173
RPLP2,AE_TUO9O5_3,0.026289183646440503
RPP21,AE_TUO9O5_3,0.0005985964671708642
RPS2,AE_TUO9O5_3,0.03404312953352928
RSL24D1,AE_TUO9O5_3,0.006357327569276094
SNHG5,AE_TUO9O5_3,0.008538094349205494
USE1,AE_TUO9O5_3,0.001215356052853167
C7orf49,AE_TUO9O5_4,0.0040794359520077705
P4HA2,AE_TUO9O5_4,0.01307654194533825
PLEKHA8,AE_TUO9O5_4,0.00038849675911478704
TRIM14,AE_TUO9O5_4,0.00552978552877903
USP5,AE_TUO9O5_4,0.006551901809871197
ADAMTS16,AE_TUO9O5_5,0.0020738737657666206
ALDH8A1,AE_TUO9O5_5,0.007948242127895355
ALPL,AE_TUO9O5_5,-0.013024242594838142
ARRDC3,AE_TUO9O5_5,-0.036674275994300835
ATP10A,AE_TUO9O5_5,0.0015060388250276446
C20orf103,AE_TUO9O5_5,0.00044534145854413515
C4orf39,AE_TUO9O5_5,-0.00020946055883541703
C6orf186,AE_TUO9O5_5,0.00018681892834138125
CCL23,AE_TUO9O5_5,0.00012139121827203779
CCL4L2,AE_TUO9O5_5,0.0010581706883385775
CD200R1,AE_TUO9O5_5,0.000444037257693708
CD8B,AE_TUO9O5_5,0.0013348028296604753
CDH3,AE_TUO9O5_5,0.0029651515651494265
CLEC10A,AE_TUO9O5_5,0.0011917209485545757
CMAH,AE_TUO9O5_5,0.001506551168859005
COLEC10,AE_TUO9O5_5,0.0001500301150372252
COMP,AE_TUO9O5_5,0.0024584822822362185
CRIP3,AE_TUO9O5_5,-0.00023357007012236866
CXCR7,AE_TUO9O5_5,-0.012608914636075495
DAZ1,AE_TUO9O5_5,-0.0005815234617330134
DHRS2,AE_TUO9O5_5,-0.00224753562361002
DLL4,AE_TUO9O5_5,-0.014957301318645476
DYNLRB2,AE_TUO9O5_5,0.00010261932038702072
ELFN1,AE_TUO9O5_5,-0.001400534762069583
EOMES,AE_TUO9O5_5,0.0009018999990075828
FGF5,AE_TUO9O5_5,-0.00031307831523008645
GCM1,AE_TUO9O5_5,0.0002550815115682781
GDA,AE_TUO9O5_5,0.010305093601346016
GJD3,AE_TUO9O5_5,0.0006795020308345556
HES1,AE_TUO9O5_5,-0.010364198125898838
HES2,AE_TUO9O5_5,-0.00032148731406778097
HIGD1B,AE_TUO9O5_5,-0.0004953838069923222
HIST1H2BG,AE_TUO9O5_5,-0.00010344368638470768
HLA-DQA2,AE_TUO9O5_5,0.008145008236169815
HOXD9,AE_TUO9O5_5,-0.003090319689363241
IGF1,AE_TUO9O5_5,0.0013289522612467408
INHBB,AE_TUO9O5_5,-0.019038163125514984
KLHDC7B,AE_TUO9O5_5,0.0009861375438049436
LOC442421,AE_TUO9O5_5,-9.39429082791321e-05
MMRN1,AE_TUO9O5_5,-0.005465210881084204
MSX1,AE_TUO9O5_5,-0.0004389896639622748
NELL2,AE_TUO9O5_5,0.0007077015470713378
NKD2,AE_TUO9O5_5,-0.0011771502904593945
NRARP,AE_TUO9O5_5,-0.003362582065165043
NYX,AE_TUO9O5_5,0.0001938651112141088
PCDHB9,AE_TUO9O5_5,-0.0010679836850613356
PEMT,AE_TUO9O5_5,-0.0022623494733124967
RASD2,AE_TUO9O5_5,-0.0014069367898628116
SLC16A14,AE_TUO9O5_5,-0.0008930174517445265
SLC2A14,AE_TUO9O5_5,-0.0004558257933240384
SLC2A3,AE_TUO9O5_5,-0.022401569411158558
SNHG5,AE_TUO9O5_5,-0.00992350373417139
SOX7,AE_TUO9O5_5,-0.002741097472608089
SPATA17,AE_TUO9O5_5,0.00019046060333494097
STC1,AE_TUO9O5_5,-0.030404660850763317
TCF15,AE_TUO9O5_5,-0.00018546706996858117
TMEM108,AE_TUO9O5_5,-0.00014972257486078888
TMEM45A,AE_TUO9O5_5,0.007147544994950295
TNFRSF9,AE_TUO9O5_5,0.0007829490350559354
UNC5D,AE_TUO9O5_5,0.0008437054348178207
WFDC2,AE_TUO9O5_5,0.03084829449653625
WNK2,AE_TUO9O5_5,-0.0008418402285315096
ZBTB16,AE_TUO9O5_5,0.0026624314486980443
ZNF667,AE_TUO9O5_5,0.0004818145243916661
CD40LG,AE_TUO9O5_6,-0.0003653726598713547
FSTL4,AE_TUO9O5_6,0.0011229242663830519
GNG2,AE_TUO9O5_6,-0.004618043545633554
IRF8,AE_TUO9O5_6,-0.003742781700566411
LTF,AE_TUO9O5_6,-0.11191583424806596
MEF2C,AE_TUO9O5_6,-0.014454112388193609
MSX1,AE_TUO9O5_6,-0.0006600207998417318
STK32A,AE_TUO9O5_6,0.0003953049308620393
STS,AE_TUO9O5_6,-0.0075335707515478125
C7orf49,AE_TUO9O5_7,0.004226829390972853
P4HA2,AE_TUO9O5_7,0.013972853310406208
TRIM14,AE_TUO9O5_7,0.006072576623409986
BDH2,AE_TUO9O5_8,-0.011992198415100573
C11orf93,AE_TUO9O5_8,-0.0006275929044932128
CCDC114,AE_TUO9O5_8,-9.202938235830517e-05
HINT2,AE_TUO9O5_8,-0.002424494596198201
HOXC9,AE_TUO9O5_8,-0.0008250292157754303
IL1RL2,AE_TUO9O5_8,-0.000625359476543963
LOC147727,AE_TUO9O5_8,-0.0037359655834734436
WWOX,AE_TUO9O5_8,-0.0018723943503573535
ZNF483,AE_TUO9O5_8,-0.00033648894168436527
C7orf49,AE_TUO9O5_9,0.003956445958465339
TRIM14,AE_TUO9O5_9,0.0055477903224527845
C7orf49,AE_TUO9O5_10,0.004761236719787121
C7orf49,AE_TUO9O5_11,0.004418930970132351
TRIM14,AE_TUO9O5_11,0.0062848362140357494
ABCC9,AE_TUO9O5_12,0.006984780542552471
ADAMTS12,AE_TUO9O5_12,0.0008654354023747146
ADAMTS4,AE_TUO9O5_12,0.015118682757019997
ADD2,AE_TUO9O5_12,0.0004444064979907125
AMIGO1,AE_TUO9O5_12,-0.0019222631817683573
APCDD1L,AE_TUO9O5_12,0.003331781830638647
BPI,AE_TUO9O5_12,0.00029186261235736316
BTBD16,AE_TUO9O5_12,0.0004947453271597624
C12orf56,AE_TUO9O5_12,0.00026827616966329515
C14orf176,AE_TUO9O5_12,8.097216777969152e-05
C19orf33,AE_TUO9O5_12,0.004605016205459833
C20orf103,AE_TUO9O5_12,0.00041847466491162777
CCDC102B,AE_TUO9O5_12,0.0015005163149908185
CCDC91,AE_TUO9O5_12,0.007977986708283423
CD163L1,AE_TUO9O5_12,0.0010880714980885386
CLEC11A,AE_TUO9O5_12,0.0013492715079337358
COL10A1,AE_TUO9O5_12,0.0011507372837513685
COL1A2,AE_TUO9O5_12,0.13442674279212952
COL22A1,AE_TUO9O5_12,0.0012094517005607484
COL3A1,AE_TUO9O5_12,0.12839432060718536
COL5A3,AE_TUO9O5_12,0.00524477381259203
COL6A3,AE_TUO9O5_12,0.03326259553432465
COMP,AE_TUO9O5_12,0.002460407093167305
CPA4,AE_TUO9O5_12,0.002571538556367159
CPE,AE_TUO9O5_12,0.05102112144231796
CYP46A1,AE_TUO9O5_12,0.00024249986745417118
DAZ1,AE_TUO9O5_12,0.0005233687697909771
DLX5,AE_TUO9O5_12,0.00032916874624788767
F13A1,AE_TUO9O5_12,0.0137849198654294
F2R,AE_TUO9O5_12,0.0176162738353014
FABP5,AE_TUO9O5_12,0.0005524843581952156
FGF14,AE_TUO9O5_12,0.0006739165401086211
FHL3,AE_TUO9O5_12,0.0017284670611843467
GAD1,AE_TUO9O5_12,0.0009029616485349834
GPR64,AE_TUO9O5_12,0.00817881431430578
H19,AE_TUO9O5_12,0.14211033284664154
HES2,AE_TUO9O5_12,0.0003550624824129045
IFITM1,AE_TUO9O5_12,0.024916419759392742
KCNQ3,AE_TUO9O5_12,0.0002131952642230317
KIAA1409,AE_TUO9O5_12,0.00012580762268044055
LOC730101,AE_TUO9O5_12,-0.0014078178210183976
LPPR4,AE_TUO9O5_12,0.0009499297011643648
LRP1B,AE_TUO9O5_12,0.0005364801618270576
LY6H,AE_TUO9O5_12,0.00028933488647453487
MAGED4B,AE_TUO9O5_12,0.0015714787878096106
MAGED4,AE_TUO9O5_12,0.0005664493655785918
MAGEL2,AE_TUO9O5_12,0.00017542757268529385
MCHR1,AE_TUO9O5_12,0.003878834191709757
MEFV,AE_TUO9O5_12,0.0002440583193674684
MEST,AE_TUO9O5_12,0.005066240206360817
MT1X,AE_TUO9O5_12,0.01590700075030327
MT2A,AE_TUO9O5_12,0.039521045982837684
MT3,AE_TUO9O5_12,0.005596171133220196
ODZ3,AE_TUO9O5_12,0.001909557962790132
ODZ4,AE_TUO9O5_12,0.0026776872109621768
P2RY14,AE_TUO9O5_12,0.0009812996722757816
PCBP3,AE_TUO9O5_12,0.0010708724148571491
PCDH19,AE_TUO9O5_12,0.00016588949074503034
PCDHA4,AE_TUO9O5_12,0.0016618955414742231
PCDHB7,AE_TUO9O5_12,0.0012242168886587026
PCDHB9,AE_TUO9O5_12,0.001154003432020545
PCDHGA3,AE_TUO9O5_12,0.00034224477712996304
PCOLCE,AE_TUO9O5_12,0.005580204539000988
PDGFRL,AE_TUO9O5_12,0.0010377602884545922
PLP2,AE_TUO9O5_12,0.008839375339448452
PNPO,AE_TUO9O5_12,-0.0052505466155707845
PPM1N,AE_TUO9O5_12,0.0001014680092339404
PRIMA1,AE_TUO9O5_12,0.008036929182708262
PRR16,AE_TUO9O5_12,0.0003743457200471312
S100A8,AE_TUO9O5_12,0.002218317473307252
SERPINE1,AE_TUO9O5_12,0.0823354572057724
SLC6A18,AE_TUO9O5_12,-0.006201872602105141
SNHG3-RCC1,AE_TUO9O5_12,0.0009077846771106123
SPDYE3,AE_TUO9O5_12,-0.00042523647425696254
STC1,AE_TUO9O5_12,0.032372307032346725
STON1-GTF2A1L,AE_TUO9O5_12,0.0002206502394983545
TMEM44,AE_TUO9O5_12,0.002519869711250067
TMEM90A,AE_TUO9O5_12,7.484263187507166e-05
TNNI3K,AE_TUO9O5_12,0.00029355043079704046
ZNF615,AE_TUO9O5_12,0.0017892700852826238
APOL2,AE_WIJYB9_0,-0.01624765805900097
BPI,AE_WIJYB9_0,-0.0002423762489343062
C11orf75,AE_WIJYB9_0,-0.0034341644495725627
C12orf72,AE_WIJYB9_0,-0.00039714633021503687
C1orf74,AE_WIJYB9_0,-0.00032595908851362765
COMP,AE_WIJYB9_0,0.0031942843925207853
CRIP3,AE_WIJYB9_0,0.00025429893867112696
ESPNL,AE_WIJYB9_0,-0.00021508852660190314
FAM196B,AE_WIJYB9_0,-0.0006949877715669572
FAM84A,AE_WIJYB9_0,-0.002673232462257147
FRMD4A,AE_WIJYB9_0,-0.004979741293936968
GAD1,AE_WIJYB9_0,-0.001031432650052011
HLA-DQA2,AE_WIJYB9_0,-0.00873134657740593
ISPD,AE_WIJYB9_0,-0.0007660671835765243
KRT19,AE_WIJYB9_0,-0.048791252076625824
LOC147727,AE_WIJYB9_0,-0.0030739011708647013
MGAT3,AE_WIJYB9_0,-0.004061267711222172
MGC16121,AE_WIJYB9_0,-0.0001935797336045653
MPL,AE_WIJYB9_0,-0.0001316659472649917
NTS,AE_WIJYB9_0,-0.0007484095403924584
ODZ4,AE_WIJYB9_0,-0.002530372235924005
OR2A9P,AE_WIJYB9_0,-0.0014877940993756054
PDK3,AE_WIJYB9_0,-0.001265845843590796
PEMT,AE_WIJYB9_0,-0.0023365258239209648
PMS2L4,AE_WIJYB9_0,-0.0002867452858481556
SEMA3E,AE_WIJYB9_0,0.00032162913703359663
SERPINA6,AE_WIJYB9_0,-0.004443473182618618
SLC16A14,AE_WIJYB9_0,-0.0010682116262614727
TNNI3K,AE_WIJYB9_0,-0.00043223417014814913
TTC18,AE_WIJYB9_0,-0.0006042114109732211
ZNF879,AE_WIJYB9_0,-0.0004416254232637584
ADAMTS16,AE_WIJYB9_1,0.0027249676641076803
AK3L1,AE_WIJYB9_1,0.00834405142813921
ANPEP,AE_WIJYB9_1,0.09884808212518692
ATP10A,AE_WIJYB9_1,0.0022042705677449703
BTBD19,AE_WIJYB9_1,0.00028465810464695096
C12orf56,AE_WIJYB9_1,0.00033490400528535247
C6orf186,AE_WIJYB9_1,0.0002833993930835277
CACHD1,AE_WIJYB9_1,0.002601688960567117
CAMK2G,AE_WIJYB9_1,0.003526599379256368
CCDC80,AE_WIJYB9_1,0.01610719971358776
CCL23,AE_WIJYB9_1,0.00016010375111363828
CLEC10A,AE_WIJYB9_1,0.0015182666247710586
CMAH,AE_WIJYB9_1,0.0022864618804305788
DGKG,AE_WIJYB9_1,0.0007322567398659885
DMGDH,AE_WIJYB9_1,0.013934975489974022
EID3,AE_WIJYB9_1,0.00021912022202741355
EMID1,AE_WIJYB9_1,0.0014252745313569903
FRMD1,AE_WIJYB9_1,0.0007735395338386298
GATA5,AE_WIJYB9_1,0.0002926700981333852
GDA,AE_WIJYB9_1,0.011852305382490158
GJB1,AE_WIJYB9_1,0.004104043357074261
GJD3,AE_WIJYB9_1,0.0008907514857128261
HSPA6,AE_WIJYB9_1,0.001156043726950884
IGF1,AE_WIJYB9_1,0.0019350514048710465
ILDR2,AE_WIJYB9_1,0.0006669436697848141
KYNU,AE_WIJYB9_1,0.0013986489502713086
LTF,AE_WIJYB9_1,0.08951222896575928
MAEL,AE_WIJYB9_1,0.0002975036622956395
MAP1LC3C,AE_WIJYB9_1,0.00015466543845832348
MME,AE_WIJYB9_1,0.04448134079575538
MYOM3,AE_WIJYB9_1,0.011867247521877287
NFASC,AE_WIJYB9_1,0.013530766591429709
PATL2,AE_WIJYB9_1,0.00018368262681178749
SCUBE3,AE_WIJYB9_1,0.0011918373638764026
SLC16A4,AE_WIJYB9_1,0.018432462587952614
STK32A,AE_WIJYB9_1,0.0003498788282740861
STX1B,AE_WIJYB9_1,0.00034613057505339384
TACR2,AE_WIJYB9_1,7.102623203536497e-05
TNNI3K,AE_WIJYB9_1,0.0003458498395048082
TRIM14,AE_WIJYB9_1,0.006555575877428055
TRPM3,AE_WIJYB9_1,0.002423531142994761
ZNF804A,AE_WIJYB9_1,0.00022704892035108062
ABHD4,AE_WIJYB9_2,-0.004516295157372952
ACSM5,AE_WIJYB9_2,0.006038355641067028
ADD2,AE_WIJYB9_2,0.0004861757333856076
BTBD19,AE_WIJYB9_2,0.00026327851810492575
C1orf103,AE_WIJYB9_2,-0.00199835654348135
C6orf192,AE_WIJYB9_2,-0.0018508215434849267
CCDC19,AE_WIJYB9_2,-0.00010484904487384483
CDH3,AE_WIJYB9_2,-0.003445545444265008
CECR7,AE_WIJYB9_2,-0.0003141972993034869
COL9A2,AE_WIJYB9_2,-0.0027618929743766785
DUSP5,AE_WIJYB9_2,-0.00771557865664363
HOXC9,AE_WIJYB9_2,-0.000592963129747659
IL6,AE_WIJYB9_2,-0.0033643583301454787
KCNQ3,AE_WIJYB9_2,0.00021995327551849184
KGFLP1,AE_WIJYB9_2,-0.00011707741941791028
KIAA1804,AE_WIJYB9_2,-0.003982959780842066
LRRFIP1,AE_WIJYB9_2,-0.015530815348029137
NYX,AE_WIJYB9_2,0.00018086915952153504
OR2A9P,AE_WIJYB9_2,-0.0012893404345959425
PCBP3,AE_WIJYB9_2,-0.0012291711755096912
PCDHA10,AE_WIJYB9_2,-0.0024612697307020426
PCDHA4,AE_WIJYB9_2,-0.0015609725378453732
PCDHGA1,AE_WIJYB9_2,0.0002881184336729348
PCDHGA3,AE_WIJYB9_2,-0.00030112892272882164
PCSK6,AE_WIJYB9_2,-0.026938656345009804
PDE6G,AE_WIJYB9_2,-0.0002674219431355596
PRKY,AE_WIJYB9_2,-0.0005934704095125197
SOCS1,AE_WIJYB9_2,-0.0009512017713859676
SORCS2,AE_WIJYB9_2,-0.004999866709113121
TNFRSF11A,AE_WIJYB9_2,0.00027001570560969407
ZDHHC15,AE_WIJYB9_2,-0.0007194922654889523
DHX37,AE_WIJYB9_3,0.002984736813232303
EFCAB4A,AE_WIJYB9_3,0.0016146411653608086
EXOC3,AE_WIJYB9_3,0.01663200557231903
GLB1L2,AE_WIJYB9_3,0.00740984734147787
ID2,AE_WIJYB9_3,0.021662605926394463
LOC100132111,AE_WIJYB9_3,0.0001621083210920915
NAGA,AE_WIJYB9_3,0.006948596797883511
PMS2L1,AE_WIJYB9_3,0.0013806690694764256
SPDYE3,AE_WIJYB9_3,0.0004948370042257012
THNSL2,AE_WIJYB9_3,0.008009702898561954
TMEM64,AE_WIJYB9_3,0.006511058658361435
UBXN10,AE_WIJYB9_3,0.0024721422232687478
USP5,AE_WIJYB9_3,0.009462662041187286
AHNAK,AE_WIJYB9_4,0.23718082904815674
ASAH2,AE_WIJYB9_4,6.791693886043504e-05
CDKL5,AE_WIJYB9_4,0.0009524550987407564
COLEC10,AE_WIJYB9_4,-0.00017221926827915013
EPPK1,AE_WIJYB9_4,0.002193438122048974
HSPA7,AE_WIJYB9_4,-0.0008375979377888143
IGSF9,AE_WIJYB9_4,0.00038489274447783833
KCNC3,AE_WIJYB9_4,0.0023804479278624053
KGFLP1,AE_WIJYB9_4,0.00015130032261367887
KIAA1683,AE_WIJYB9_4,0.0004998576478101313
MTMR4,AE_WIJYB9_4,0.0040751928463578216
MYLK4,AE_WIJYB9_4,0.002546732546761632
PCDHGB1,AE_WIJYB9_4,0.002061092760413885
PEG10,AE_WIJYB9_4,0.007458879146724939
PIK3C2A,AE_WIJYB9_4,0.010727849788963795
PRIMA1,AE_WIJYB9_4,0.0077791991643607625
S100A1,AE_WIJYB9_4,-0.015751933678984642
SDC1,AE_WIJYB9_4,0.04485585913062096
SMAD6,AE_WIJYB9_4,0.001444298424758017
ST8SIA6,AE_WIJYB9_4,0.0009243298554793
ZBTB20,AE_WIJYB9_4,0.00043405353790149087
ZNF793,AE_WIJYB9_4,0.0006216902402229607
ARAP2,AE_WIJYB9_5,0.0021736377384513612
C16orf13,AE_WIJYB9_5,-0.005591884721070528
CEBPD,AE_WIJYB9_5,-0.00851514097303152
CORO2A,AE_WIJYB9_5,0.000906716741155833
DHRS2,AE_WIJYB9_5,0.002139650285243988
DSEL,AE_WIJYB9_5,0.004801337141543628
EFNA1,AE_WIJYB9_5,-0.011730767786502838
FAU,AE_WIJYB9_5,-0.021719910204410556
FSTL4,AE_WIJYB9_5,0.0008664393681101501
HIVEP3,AE_WIJYB9_5,0.000858324347063899
HMGA1,AE_WIJYB9_5,0.003684829454869032
IHH,AE_WIJYB9_5,-0.0006570605910383165
JUN,AE_WIJYB9_5,-0.03795598819851875
KIAA1324,AE_WIJYB9_5,0.00039322857628576463
LOC100132111,AE_WIJYB9_5,0.00011179127614013852
MED12L,AE_WIJYB9_5,8.622624591225758e-05
MT2A,AE_WIJYB9_5,-0.03586648777127266
MT3,AE_WIJYB9_5,-0.004706906620413065
NBPF14,AE_WIJYB9_5,0.0014747257810086012
NDN,AE_WIJYB9_5,-0.003317231545224786
NME3,AE_WIJYB9_5,-0.0026008449494838715
PCDHA10,AE_WIJYB9_5,-0.002431369386613369
RAB27B,AE_WIJYB9_5,0.00034329795744270086
RNF157,AE_WIJYB9_5,0.002402540296316147
RPL13,AE_WIJYB9_5,-0.07024203985929489
RPL29,AE_WIJYB9_5,-0.023090478032827374
RPL9,AE_WIJYB9_5,-0.009215586818754671
RPLP2,AE_WIJYB9_5,-0.03145598620176315
RPS2,AE_WIJYB9_5,-0.04332917183637619
SNHG5,AE_WIJYB9_5,-0.008698658086359501
SOCS3,AE_WIJYB9_5,-0.022225413471460342
STAC,AE_WIJYB9_5,0.0005787310074083508
SULT1A1,AE_WIJYB9_5,-0.002721714787185192
TMEM229B,AE_WIJYB9_5,0.00097420351812616
USE1,AE_WIJYB9_5,-0.0013119379291310904
WISP2,AE_WIJYB9_5,-0.0019598081707954407
YBX2,AE_WIJYB9_5,-0.00045152561506256467
ZNF483,AE_WIJYB9_5,0.0002420627133687958
ZNF880,AE_WIJYB9_5,0.0008766991086304188
ALPL,AE_WIJYB9_6,-0.0150386244058609
C4orf39,AE_WIJYB9_6,-0.00026379077462479467
ELFN1,AE_WIJYB9_6,-0.001446333946660161
FGF14,AE_WIJYB9_6,-0.000632298004347831
FICD,AE_WIJYB9_6,-0.00041192548815160984
FRAS1,AE_WIJYB9_6,-0.013878912664949894
GALNT5,AE_WIJYB9_6,0.0016510384157299993
GAS7,AE_WIJYB9_6,-0.0030888875480741267
GCM1,AE_WIJYB9_6,-0.000255589751759544
GLT1D1,AE_WIJYB9_6,-0.00025676851510070264
GPLD1,AE_WIJYB9_6,-0.00013439325266517701
HIST1H2BG,AE_WIJYB9_6,-9.816237434279174e-05
HIST1H4H,AE_WIJYB9_6,-0.0008741997880861162
LOC284276,AE_WIJYB9_6,0.00032975818612612784
LOC730101,AE_WIJYB9_6,-0.0015514448750764134
LRAT,AE_WIJYB9_6,-0.00034826577757485216
LRCH2,AE_WIJYB9_6,-0.0009694158216007055
MAGEH1,AE_WIJYB9_6,-0.002628824207931757
MAP2K6,AE_WIJYB9_6,-0.0003655319451354444
MARK1,AE_WIJYB9_6,-0.0006633595330640674
MMRN1,AE_WIJYB9_6,-0.004866046831011772
NCAM2,AE_WIJYB9_6,-0.0001032645013765432
NKD2,AE_WIJYB9_6,-0.0011575936805456875
NPY6R,AE_WIJYB9_6,0.0024492244701832533
PCDH19,AE_WIJYB9_6,-0.00015577075828332454
PCDHA3,AE_WIJYB9_6,-0.0006096987053751945
PDGFRL,AE_WIJYB9_6,-0.000974734197370708
PDZD2,AE_WIJYB9_6,-0.008955813013017178
PEG10,AE_WIJYB9_6,-0.007208924274891616
PON3,AE_WIJYB9_6,-0.0003109472745563835
PPP1R14C,AE_WIJYB9_6,-0.0024708427954465146
SCAND3,AE_WIJYB9_6,-0.0006396897952072322
SEMA3D,AE_WIJYB9_6,-0.0024295358452945948
SERPINA6,AE_WIJYB9_6,-0.0057114153169095525
SLC16A14,AE_WIJYB9_6,-0.0008762612706050278
SLC6A18,AE_WIJYB9_6,-0.006902611814439297
TCF19,AE_WIJYB9_6,-0.0028640867676585913
TMEM108,AE_WIJYB9_6,-0.00017340980411972848
TUBB1,AE_WIJYB9_6,-0.0003503135230857879
WBP2NL,AE_WIJYB9_6,-6.45713516860269e-05
WNK2,AE_WIJYB9_6,-0.0010595998028293252
ZNF676,AE_WIJYB9_6,-0.00024185000802390277
ZNF727,AE_WIJYB9_6,-0.0001814993884181604
AHRR,AE_WIJYB9_7,0.0006603056681342423
CD163L1,AE_WIJYB9_7,0.0014870265731588006
GCLC,AE_WIJYB9_7,0.006298643071204424
GPR82,AE_WIJYB9_7,0.00032196808024309576
KIF20B,AE_WIJYB9_7,0.0016643056878820062
TIPIN,AE_WIJYB9_7,0.0005544767482206224
TP53INP1,AE_WIJYB9_7,0.008097425103187561
UBA5,AE_WIJYB9_7,0.012749231420457365
UBE2Q2P1,AE_WIJYB9_7,0.00016902944480534643
BIN1,AE_WIJYB9_8,-0.013762438669800758
HINT2,AE_WIJYB9_8,-0.002664541359990835
LSS,AE_WIJYB9_8,-0.0046370700001716605
NACC2,AE_WIJYB9_8,-0.0004920557257719338
ZNF843,AE_WIJYB9_8,-0.0001029126942739822
ABCC9,AE_WIJYB9_9,0.006258344277739525
ADAMTS4,AE_WIJYB9_9,0.017340997233986855
AXL,AE_WIJYB9_9,0.017026826739311218
BTBD16,AE_WIJYB9_9,0.0005084932199679315
C14orf176,AE_WIJYB9_9,9.654688619775698e-05
CCDC102B,AE_WIJYB9_9,0.0018429401097819211
CCDC85A,AE_WIJYB9_9,0.0015511611709371211
COL1A2,AE_WIJYB9_9,0.1420491635799408
COL3A1,AE_WIJYB9_9,0.1226632371544838
COL5A3,AE_WIJYB9_9,0.0072403503581881514
CPA4,AE_WIJYB9_9,0.002574952552095056
CPE,AE_WIJYB9_9,0.07233685255050659
CXCR7,AE_WIJYB9_9,0.016759829595685
DLL4,AE_WIJYB9_9,0.021068358793854717
DLX5,AE_WIJYB9_9,0.00038983055856078863
F2R,AE_WIJYB9_9,0.02295924723148346
FABP5,AE_WIJYB9_9,0.0006806942983530463
FHL3,AE_WIJYB9_9,0.002357869874686003
GINS2,AE_WIJYB9_9,0.0009393837535753846
GNG2,AE_WIJYB9_9,0.00422540120780468
HIGD1B,AE_WIJYB9_9,0.0005736933671869338
IL3RA,AE_WIJYB9_9,0.002755905734375119
INHBB,AE_WIJYB9_9,0.020059000700712204
KDELC1,AE_WIJYB9_9,0.0030072811059653763
KGFLP1,AE_WIJYB9_9,-9.778293315321208e-05
KHDC1,AE_WIJYB9_9,0.0001397823798470199
LOC442421,AE_WIJYB9_9,0.00010731632937677205
MEF2C,AE_WIJYB9_9,0.013628500513732432
MEFV,AE_WIJYB9_9,0.0003494108677841723
MMRN1,AE_WIJYB9_9,0.006998449563980103
MSX1,AE_WIJYB9_9,0.0005727678653784096
NRARP,AE_WIJYB9_9,0.00550029193982482
PDGFRL,AE_WIJYB9_9,0.0013568944996222856
PRR16,AE_WIJYB9_9,0.0004349499940872192
RASD2,AE_WIJYB9_9,0.0019368816865608094
RPS2,AE_WIJYB9_9,0.058140330016613014
S100A8,AE_WIJYB9_9,0.0025543465744704012
SLC16A14,AE_WIJYB9_9,0.0011076759546995165
SOX7,AE_WIJYB9_9,0.0032167243771255016
TCF15,AE_WIJYB9_9,0.00021539199224207548
TMEM44,AE_WIJYB9_9,0.003106607822701335
ANKHD1-EIF4EBP3,AE_WIJYB9_10,0.005094631575047971
B3GALT2,AE_WIJYB9_10,0.00029103580163791776
BAP1,AE_WIJYB9_10,0.006538914982229471
C9,AE_WIJYB9_10,0.0002029190945904702
CCDC114,AE_WIJYB9_10,7.561851816717535e-05
CD40LG,AE_WIJYB9_10,0.000308213202515617
CYP46A1,AE_WIJYB9_10,0.0002876773651223629
HELB,AE_WIJYB9_10,0.00017751491395756602
KCNC4,AE_WIJYB9_10,0.0019935218151658773
KIRREL,AE_WIJYB9_10,0.004272399004548788
LAMA3,AE_WIJYB9_10,0.004593333229422568
LRFN5,AE_WIJYB9_10,0.0001522480888525024
MAP1LC3A,AE_WIJYB9_10,0.0020387554541230197
MON1A,AE_WIJYB9_10,0.0005907455342821777
PCDHA6,AE_WIJYB9_10,0.000617432058788836
PLCE1,AE_WIJYB9_10,0.0046316529624164104
PLEKHA8,AE_WIJYB9_10,0.0005314211593940853
SPOCK2,AE_WIJYB9_10,0.025406062602996826
CDK6,AE_WIJYB9_11,0.008288970217108727
CRLF1,AE_WIJYB9_11,0.00104184215888381
FSD1L,AE_WIJYB9_11,0.0005762354121543468
HMGA1,AE_WIJYB9_11,0.0054600932635366925
MCEE,AE_WIJYB9_11,0.000628455076366663
MGAT3,AE_WIJYB9_11,-0.004699627868831158
PARM1,AE_WIJYB9_11,0.016540292650461197
PCDHGA3,AE_WIJYB9_11,0.0003925067139789462
PKHD1L1,AE_WIJYB9_11,0.00035514525370672345
SPATA17,AE_WIJYB9_11,0.00023189101193565875
ACVR2B,AE_WIJYB9_12,-0.0018339456291869285
ADD2,AE_WIJYB9_12,-0.0005563467857427895
ARRDC3,AE_WIJYB9_12,-0.03708140924572945
C1QTNF3,AE_WIJYB9_12,-0.011650384403765202
CPE,AE_WIJYB9_12,-0.060875602066516876
EFEMP1,AE_WIJYB9_12,-0.037165705114603036
FADS1,AE_WIJYB9_12,-0.004540050867944956
HES1,AE_WIJYB9_12,-0.012486380524933338
HOXC8,AE_WIJYB9_12,-0.0008646451751701534
ID2,AE_WIJYB9_12,-0.01846911385655403
IL1RL2,AE_WIJYB9_12,-0.0004861853667534888
IRS2,AE_WIJYB9_12,-0.008805564604699612
JUN,AE_WIJYB9_12,-0.06286146491765976
KGFLP1,AE_WIJYB9_12,-9.443694580113515e-05
MCHR1,AE_WIJYB9_12,-0.004343468230217695
MT1X,AE_WIJYB9_12,-0.018321238458156586
MT3,AE_WIJYB9_12,-0.005192753858864307
PCDHGA5,AE_WIJYB9_12,-0.0004909252165816723
PIK3C2A,AE_WIJYB9_12,-0.011392937041819096
PRSS16,AE_WIJYB9_12,-0.002106020227074623
RNF144A,AE_WIJYB9_12,-0.003590476466342807
SERPINE1,AE_WIJYB9_12,-0.09484563022851944
SIK1,AE_WIJYB9_12,-0.023015595972537998
SLC2A14,AE_WIJYB9_12,-0.0006620800122618675
SLC2A3,AE_WIJYB9_12,-0.034079842269420624
SOCS3,AE_WIJYB9_12,-0.04437857866287232
STC1,AE_WIJYB9_12,-0.039666157215833664
STON1-GTF2A1L,AE_WIJYB9_12,-0.0003104073693975806
TET1,AE_WIJYB9_12,-0.00027687681722454727
WWOX,AE_WIJYB9_12,-0.0014955291990190744
ZBTB16,AE_WIJYB9_12,-0.0032143748831003904
ZNF615,AE_WIJYB9_12,-0.0020316557493060827
ARAP2,AE_9WQTV4_0,0.0032625265885144468
AXL,AE_9WQTV4_0,0.019465459510684013
C7orf49,AE_9WQTV4_0,0.005449223332107067
CORO2A,AE_9WQTV4_0,0.0017366671236231925
DGKA,AE_9WQTV4_0,0.0017356692114844918
DHX37,AE_9WQTV4_0,0.002595673315227032
EFCAB4A,AE_9WQTV4_0,0.0015555152203887699
EPPK1,AE_9WQTV4_0,0.002635706914588809
HAVCR1,AE_9WQTV4_0,0.010528253391385078
HELB,AE_9WQTV4_0,0.00023068051086738706
HIVEP3,AE_9WQTV4_0,0.0012879023561254144
KIF2A,AE_9WQTV4_0,0.00453641964122653
NBPF14,AE_9WQTV4_0,0.002055905293673277
ODZ3,AE_9WQTV4_0,0.001982552697882056
RAB27B,AE_9WQTV4_0,0.00038389989640563726
THBS2,AE_9WQTV4_0,0.027101729065179825
TNFRSF11A,AE_9WQTV4_0,0.00036868973984383047
AHRR,AE_9WQTV4_1,0.00046331033809110517
AK3L1,AE_9WQTV4_1,0.008219020441174505
AOC3,AE_9WQTV4_1,0.013455738313496113
B3GALT2,AE_9WQTV4_1,0.00027094536926597357
C5orf27,AE_9WQTV4_1,-0.005195676814764738
CACHD1,AE_9WQTV4_1,0.0030874989461153746
CAMK2G,AE_9WQTV4_1,0.003100704634562135
CCDC80,AE_9WQTV4_1,0.015121386386454104
COL6A3,AE_9WQTV4_1,0.04062358662486077
CYP46A1,AE_9WQTV4_1,0.00028900313191115856
FRMD1,AE_9WQTV4_1,0.000825210998300463
GATA5,AE_9WQTV4_1,0.00028841770836152136
GPLD1,AE_9WQTV4_1,0.00014525446749757975
KIRREL,AE_9WQTV4_1,0.004036697093397379
LOC90784,AE_9WQTV4_1,0.001116352854296565
LSS,AE_9WQTV4_1,0.003091386752203107
LY6H,AE_9WQTV4_1,0.0003501657047308981
MARK1,AE_9WQTV4_1,0.0009470417280681431
MME,AE_9WQTV4_1,0.04526497051119805
MYOM3,AE_9WQTV4_1,0.011632178910076618
NFASC,AE_9WQTV4_1,0.016395479440689087
PARM1,AE_9WQTV4_1,0.016247469931840897
PCDH19,AE_9WQTV4_1,0.00020061236864421522
PCDHGA1,AE_9WQTV4_1,0.00041296845301985735
PCDHGA3,AE_9WQTV4_1,0.0003311221371404826
PKHD1L1,AE_9WQTV4_1,0.0004065989633090794
PLCE1,AE_9WQTV4_1,0.004738860763609409
SCN7A,AE_9WQTV4_1,0.0005649019149132072
SCUBE3,AE_9WQTV4_1,0.0012607746757566927
SPOCK2,AE_9WQTV4_1,0.02876577153801918
UNC5D,AE_9WQTV4_1,0.0010756127303466199
AHNAK,AE_9WQTV4_2,0.29289183020591736
CCDC85A,AE_9WQTV4_2,0.0018501532031223176
EXOC3,AE_9WQTV4_2,0.014459376223385334
GIT2,AE_9WQTV4_2,0.02643007040023804
HOXD9,AE_9WQTV4_2,0.004217222332954407
IL3RA,AE_9WQTV4_2,0.003219296922907233
MYLK4,AE_9WQTV4_2,0.002733712550252676
PRIMA1,AE_9WQTV4_2,0.013278388418257236
PRKY,AE_9WQTV4_2,0.0008811543812043965
SDC1,AE_9WQTV4_2,0.06061135232448577
THNSL2,AE_9WQTV4_2,0.008339280262589455
VWCE,AE_9WQTV4_2,0.004620792344212532
C16orf13,AE_9WQTV4_3,0.006602407433092594
C16orf59,AE_9WQTV4_3,0.00014698020822834224
C19orf33,AE_9WQTV4_3,0.007550802547484636
C1QTNF3,AE_9WQTV4_3,0.012758171185851095
C21orf63,AE_9WQTV4_3,0.0031914585269987587
EFNA1,AE_9WQTV4_3,0.015713589265942574
EID3,AE_9WQTV4_3,0.00022798680583946407
FAM128B,AE_9WQTV4_3,0.008891291916370392
FAM196B,AE_9WQTV4_3,0.0007918772171251477
GCAT,AE_9WQTV4_3,-0.001548662781715393
GINS2,AE_9WQTV4_3,0.0009536330471746624
HSPA6,AE_9WQTV4_3,0.0011522634886205196
KHDC1,AE_9WQTV4_3,0.00013252168719191104
KIAA1324,AE_9WQTV4_3,0.0005983560695312918
LSR,AE_9WQTV4_3,0.007237939629703759
LY6E,AE_9WQTV4_3,0.060505542904138565
MAP1LC3C,AE_9WQTV4_3,0.00016593716281931847
PCDHB9,AE_9WQTV4_3,0.0015259410720318554
PSMC3IP,AE_9WQTV4_3,0.00033313146559521556
RPP21,AE_9WQTV4_3,0.0011353213340044024
STMN3,AE_9WQTV4_3,0.012793578207492828
USE1,AE_9WQTV4_3,0.001826956169679761
YBX2,AE_9WQTV4_3,0.0006337428349070251
ZNHIT2,AE_9WQTV4_3,0.0008130876231007277
AMIGO1,AE_9WQTV4_4,0.002184828510507941
C11orf93,AE_9WQTV4_4,0.0004911248688586056
C1orf74,AE_9WQTV4_4,0.0002657544100657105
CCL22,AE_9WQTV4_4,0.00043382484000176186
CDK6,AE_9WQTV4_4,0.006239528302103281
CXCL11,AE_9WQTV4_4,0.0016742008738219738
CYP2E1,AE_9WQTV4_4,-0.0006129838293418287
ESPNL,AE_9WQTV4_4,0.00018404604634270072
FAM84A,AE_9WQTV4_4,0.003164151450619101
FRAS1,AE_9WQTV4_4,0.017812389880418774
FRMD4A,AE_9WQTV4_4,0.005000779405236243
GAS7,AE_9WQTV4_4,0.0030571541283279657
ISPD,AE_9WQTV4_4,0.0005389749421738088
KIF20B,AE_9WQTV4_4,0.0010393416741862893
LTB,AE_9WQTV4_4,0.0012057666899636386
MPL,AE_9WQTV4_4,0.00012124489148845896
MT1X,AE_9WQTV4_4,-0.015872089192271233
NAT14,AE_9WQTV4_4,0.0015803184360265732
NCAM2,AE_9WQTV4_4,0.00011688692029565571
PCDHGA5,AE_9WQTV4_4,-0.00040999212069436913
PDZD2,AE_9WQTV4_4,0.011164053343236445
PON3,AE_9WQTV4_4,0.0003472432435955852
PRPH,AE_9WQTV4_4,-0.0006168147083371878
SEMA3D,AE_9WQTV4_4,0.002581293694674969
SH3RF2,AE_9WQTV4_4,0.0009956506546586752
SOCS1,AE_9WQTV4_4,0.0009238118655048313
SULT1A1,AE_9WQTV4_4,0.003551941365003586
TET1,AE_9WQTV4_4,0.0002735800517257303
TNFRSF11A,AE_9WQTV4_4,0.00026723198243416846
ADAMTS12,AE_9WQTV4_5,-0.0008240577299147843
APCDD1L,AE_9WQTV4_5,-0.002996030496433377
BAP1,AE_9WQTV4_5,-0.00513466726988554
C20orf103,AE_9WQTV4_5,-0.00041591472108848393
CLEC11A,AE_9WQTV4_5,-0.0011537011014297605
COL10A1,AE_9WQTV4_5,-0.0009982845513150096
COL22A1,AE_9WQTV4_5,-0.0009159782202914355
COL3A1,AE_9WQTV4_5,-0.1005411222577095
COL5A3,AE_9WQTV4_5,-0.005058202892541885
CYP2C8,AE_9WQTV4_5,0.0009437407716177404
EFEMP1,AE_9WQTV4_5,-0.0319170355796814
EFS,AE_9WQTV4_5,-0.0011824913090094926
F13A1,AE_9WQTV4_5,-0.01199185661971569
FADS1,AE_9WQTV4_5,-0.003617219859734177
GBP1,AE_9WQTV4_5,-0.013271674513816832
GLB1L2,AE_9WQTV4_5,-0.004525624681264162
H19,AE_9WQTV4_5,-0.14463888108730316
HES2,AE_9WQTV4_5,0.0004546525597106666
IFITM1,AE_9WQTV4_5,-0.020253952592611316
IL6,AE_9WQTV4_5,-0.00328447506763041
IRS2,AE_9WQTV4_5,-0.0074567487463355064
KCNC4,AE_9WQTV4_5,-0.0016992897726595402
KDELC1,AE_9WQTV4_5,-0.0023273476399481297
KIRREL,AE_9WQTV4_5,-0.003788264933973551
KLHDC7B,AE_9WQTV4_5,-0.0008053149795159698
LOC400759,AE_9WQTV4_5,-0.00022105482639744878
LPPR4,AE_9WQTV4_5,-0.0007613648776896298
MAGED4B,AE_9WQTV4_5,-0.0014763440703973176
MAGEL2,AE_9WQTV4_5,-0.00016759221034590158
MAP1LC3A,AE_9WQTV4_5,-0.001642678864300251
MCHR1,AE_9WQTV4_5,-0.003946681972593069
MEST,AE_9WQTV4_5,-0.0050786868669092655
MON1A,AE_9WQTV4_5,-0.0004637096426449716
NAGA,AE_9WQTV4_5,-0.004352977965027094
NALCN,AE_9WQTV4_5,-0.0006658518104813992
P2RY14,AE_9WQTV4_5,-0.0006715086055919527
PCOLCE,AE_9WQTV4_5,-0.004670374561101197
PLP2,AE_9WQTV4_5,-0.009970643557608128
POLE4,AE_9WQTV4_5,-0.001399315195158124
PPM1N,AE_9WQTV4_5,-8.274137508124113e-05
PRKY,AE_9WQTV4_5,0.0005542906583286822
S100A8,AE_9WQTV4_5,-0.0022398845758289103
STAC,AE_9WQTV4_5,-0.00045046739978715783
TUBB1,AE_9WQTV4_5,-0.00034599719219841063
ABHD4,AE_9WQTV4_6,0.005382449831813574
C8orf84,AE_9WQTV4_6,0.008537901565432549
CECR7,AE_9WQTV4_6,0.0003954087442252785
CIRBP,AE_9WQTV4_6,0.029795758426189426
DAZ1,AE_9WQTV4_6,-0.0006205137469805777
EPPK1,AE_9WQTV4_6,0.0023697225842624907
HOXC9,AE_9WQTV4_6,0.0007109313155524433
KIAA1409,AE_9WQTV4_6,0.00016504166705999523
KIAA1683,AE_9WQTV4_6,0.0005362415686249733
KIF12,AE_9WQTV4_6,0.008412493392825127
MPL,AE_9WQTV4_6,0.00015021784929558635
PCDHA6,AE_9WQTV4_6,0.0007431755657307804
PCDHB7,AE_9WQTV4_6,0.00142221013084054
PCDHB9,AE_9WQTV4_6,0.0015217550098896027
PCDHGB1,AE_9WQTV4_6,0.0024289602879434824
SORCS2,AE_9WQTV4_6,0.006512484978884458
TMEM51,AE_9WQTV4_6,0.0045921728014945975
TUSC3,AE_9WQTV4_6,0.005762882996350528
UBE2Q2P1,AE_9WQTV4_6,0.00012278159556444734
UBXN10,AE_9WQTV4_6,0.002050301292911172
WFDC2,AE_9WQTV4_6,0.032021120190620415
WWOX,AE_9WQTV4_6,0.0017057263758033516
ZDHHC15,AE_9WQTV4_6,0.0009286510176025332
ZNF793,AE_9WQTV4_6,0.0005953683867119253
ZNF879,AE_9WQTV4_6,0.000415250106016174
ACVR2B,AE_9WQTV4_7,0.0024066332262009387
ELFN1,AE_9WQTV4_7,0.0020618441049009557
LRCH2,AE_9WQTV4_7,0.001246836967766285
MARK1,AE_9WQTV4_7,0.001226463238708675
PCDH19,AE_9WQTV4_7,0.00025873410049825907
PEG10,AE_9WQTV4_7,0.009912475943565369
PIK3C2A,AE_9WQTV4_7,0.014107049442827703
RNF144A,AE_9WQTV4_7,0.005426303483545779
UNC5D,AE_9WQTV4_7,0.001418617321178317
ZNF667,AE_9WQTV4_7,0.0007391463150270282
ZNF676,AE_9WQTV4_7,0.0003928464720956981
ZNF727,AE_9WQTV4_7,0.0002528688928578049
ZNF880,AE_9WQTV4_7,0.0013830153038725257
ALDH8A1,AE_9WQTV4_8,0.012026485987007618
ASL,AE_9WQTV4_8,0.0055445246398448935
BDH2,AE_9WQTV4_8,0.01243103574961424
C12orf72,AE_9WQTV4_8,0.00045983339077793067
C1orf74,AE_9WQTV4_8,0.00040821661241352564
CACHD1,AE_9WQTV4_8,0.002991468878462911
DMGDH,AE_9WQTV4_8,0.017674405127763748
DOLPP1,AE_9WQTV4_8,0.0009706267155706882
DYNLRB2,AE_9WQTV4_8,0.0001609071478014812
GJB1,AE_9WQTV4_8,0.004128692205995321
HOXC8,AE_9WQTV4_8,0.0010935097234323619
KGFLP1,AE_9WQTV4_8,0.0001187588641187176
MAP2K6,AE_9WQTV4_8,0.0006199714262038468
MCEE,AE_9WQTV4_8,0.0006874992395751178
MED12L,AE_9WQTV4_8,0.00012048043572576717
PNPO,AE_9WQTV4_8,0.007447393145412207
RGN,AE_9WQTV4_8,0.004533465020358562
TNNI3K,AE_9WQTV4_8,0.00039633741835132236
TRPM3,AE_9WQTV4_8,0.0030681712087243795
APOL2,AE_9WQTV4_9,0.015497519634664059
APOL4,AE_9WQTV4_9,0.0018000130075961351
ASAH2,AE_9WQTV4_9,8.436408825218678e-05
CD200R1,AE_9WQTV4_9,0.0005325072561390698
CD8B,AE_9WQTV4_9,0.0015501269372180106
DGKG,AE_9WQTV4_9,0.0006785168661735952
EOMES,AE_9WQTV4_9,0.0010371090611442924
EPPK1,AE_9WQTV4_9,0.0020113419741392136
GAS7,AE_9WQTV4_9,0.002838744549080729
GBP1,AE_9WQTV4_9,0.01574108935892582
GBP4,AE_9WQTV4_9,0.021580172702670097
HIVEP3,AE_9WQTV4_9,0.0011056273942813275
HLA-DQA2,AE_9WQTV4_9,0.009718374349176884
ID2,AE_9WQTV4_9,0.01523981336504221
IRF8,AE_9WQTV4_9,0.002839783206582069
KCNC3,AE_9WQTV4_9,0.0023394657764583826
KIAA1324,AE_9WQTV4_9,0.00043843765161000187
KYNU,AE_9WQTV4_9,0.0011295429430902006
LOC100132111,AE_9WQTV4_9,0.00010217550152447076
LOC284276,AE_9WQTV4_9,0.0003486288187559694
LOC284749,AE_9WQTV4_9,0.000628881563898176
MPL,AE_9WQTV4_9,0.00011357260518707336
NACC2,AE_9WQTV4_9,0.000338493031449616
NELL2,AE_9WQTV4_9,0.0005661831819452344
PLCXD2,AE_9WQTV4_9,0.00030073459492996335
SAMD9L,AE_9WQTV4_9,0.008203680627048016
SMAD6,AE_9WQTV4_9,0.0013436094159260392
THNSL2,AE_9WQTV4_9,0.006125335581600666
THPO,AE_9WQTV4_9,0.0005125250900164247
TMEM229B,AE_9WQTV4_9,0.0010133729083463552
TMEM64,AE_9WQTV4_9,0.004007707349956036
TNFRSF9,AE_9WQTV4_9,0.0008323296788148582
TP53INP1,AE_9WQTV4_9,0.005466574337333441
UNC5D,AE_9WQTV4_9,0.0010392816038802266
ZNF804A,AE_9WQTV4_9,0.00021075391850899905
ANKHD1-EIF4EBP3,AE_9WQTV4_10,0.005379188805818558
C6orf192,AE_9WQTV4_10,0.00235713180154562
CCDC19,AE_9WQTV4_10,0.00013981969095766542
FSD1L,AE_9WQTV4_10,0.000627533532679081
IGSF9,AE_9WQTV4_10,0.0003778604441322386
KIAA1804,AE_9WQTV4_10,0.00400379067286849
LRRFIP1,AE_9WQTV4_10,0.017495736479759216
PDE6G,AE_9WQTV4_10,0.0002400905650574714
SNHG3-RCC1,AE_9WQTV4_10,0.0010145041160285473
TTC18,AE_9WQTV4_10,0.0006047794013284148
ZBTB20,AE_9WQTV4_10,0.00038716659764759237
BLVRA,AE_9WQTV4_11,-0.0043605780228972435
C1orf103,AE_9WQTV4_11,-0.0017806946998462079
C7orf25,AE_9WQTV4_11,-0.0012533098924905062
CCDC91,AE_9WQTV4_11,-0.0074430000968277454
CCL4L2,AE_9WQTV4_11,-0.001185415661893785
COL9A2,AE_9WQTV4_11,0.002079349244013429
CXCL11,AE_9WQTV4_11,-0.0018192428397014735
FABP4,AE_9WQTV4_11,-0.0024337414652109146
FGF5,AE_9WQTV4_11,0.000331268209265545
GALNT5,AE_9WQTV4_11,-0.0016501970821991565
GARS,AE_9WQTV4_11,-0.0068472237326204785
GCLC,AE_9WQTV4_11,-0.004112379625439644
GLT1D1,AE_9WQTV4_11,0.00037259465898387134
GPR64,AE_9WQTV4_11,0.008937424048781395
HIST1H4H,AE_9WQTV4_11,0.0009852261282503603
KIF2A,AE_9WQTV4_11,-0.003274044021964073
LRP1B,AE_9WQTV4_11,0.0005940608680248259
MAGED4,AE_9WQTV4_11,0.0005427041323855518
NALCN,AE_9WQTV4_11,0.0006989843095652759
NPY6R,AE_9WQTV4_11,-0.0025861850008368488
NTS,AE_9WQTV4_11,-0.0007881248602643608
P4HA2,AE_9WQTV4_11,-0.012312652543187141
PCDHA3,AE_9WQTV4_11,0.0007457094616256653
PEMT,AE_9WQTV4_11,0.002264327136799693
PMS2L1,AE_9WQTV4_11,-0.000906783330719918
REG1A,AE_9WQTV4_11,-0.02490009553730488
RPL23,AE_9WQTV4_11,-0.03947952017188072
RSL24D1,AE_9WQTV4_11,-0.007990856654942036
S100A1,AE_9WQTV4_11,-0.012794056907296179
SPDYE3,AE_9WQTV4_11,-0.0003746180736925453
STS,AE_9WQTV4_11,-0.006148024927824736
TACR2,AE_9WQTV4_11,-5.9492151194717735e-05
THBS2,AE_9WQTV4_11,-0.01811922714114189
TIPIN,AE_9WQTV4_11,-0.0003124736831523478
TMEM45A,AE_9WQTV4_11,-0.0066253263503313065
TMEM90A,AE_9WQTV4_11,4.954695032211021e-05
WBP2NL,AE_9WQTV4_11,4.885521775577217e-05
XKR9,AE_9WQTV4_11,-0.0001964513648999855
ZNF843,AE_9WQTV4_11,7.413680577883497e-05
MAGEH1,AE_9WQTV4_12,0.0045485817827284345
